customer_id,name,gender,join_date
1,Advik Maharaj,Male,2024-09-26
2,Charan Chahal,Male,2025-06-05
3,Amruta Chander,Female,2024-09-07
4,Hardik Saini,Male,2024-09-08
5,Aarush Dutta,Male,2025-08-22
6,Liam Dugal,Male,2024-09-04
7,Charan Chanda,Male,2025-01-02
8,Orinder Lalla,Male,2025-11-10
9,Diya Radhakrishnan,Female,2024-05-28
10,Pratyush Handa,Male,2025-08-27
11,Ishaan Mann,Male,2026-03-20
12,Chandresh Rai,Male,2024-10-20
13,Finn Prabhakar,Male,2024-12-15
14,Balendra Garg,Male,2025-04-25
15,Finn Shere,Male,2025-01-02
16,Nicholas Bhalla,Male,2024-09-14
17,Nisha Rattan,Female,2024-10-13
18,Nakul Kala,Male,2025-07-22
19,Vasudha Dhar,Female,2024-10-11
20,Lekha Sangha,Female,2026-01-15
21,Pratyush Kanda,Male,2026-03-29
22,Yatin Chand,Male,2025-10-03
23,Ganga Dutta,Female,2025-10-30
24,Bhavika Rajan,Female,2025-01-04
25,Zarna Krishnamurthy,Female,2026-03-09
26,Dakshesh Yadav,Male,2025-09-30
27,Daksh Memon,Male,2025-02-11
28,Aadhya Lall,Female,2026-03-10
29,Zehaan Cherian,Male,2025-12-26
30,Zehaan Issac,Male,2024-07-21
31,Zilmil Acharya,Female,2025-06-11
32,Aditya Choudhury,Male,2026-02-07
33,Kashvi Bhardwaj,Female,2024-09-23
34,Chaman Sunder,Female,2025-11-16
35,Eesha Soman,Female,2026-02-20
36,Kevin Wable,Male,2025-12-28
37,Jagvi Zacharia,Female,2025-10-03
38,Nachiket Rastogi,Male,2026-03-27
39,Urvashi Varughese,Female,2025-02-24
40,Isaiah Bhatt,Male,2024-12-03
41,Januja Amble,Female,2024-05-22
42,Jyoti Bir,Female,2026-01-21
43,Balendra Varkey,Male,2024-09-21
44,Hredhaan Zacharia,Male,2024-07-06
45,Jairaj Solanki,Male,2025-11-10
46,Champak Chatterjee,Male,2025-07-25
47,Udyati Roy,Female,2025-03-07
48,Chandran Bhat,Male,2025-01-19
49,Chatura Kothari,Male,2024-08-18
50,Ekaraj Sami,Male,2024-08-12
51,Kritika Borra,Female,2025-02-18
52,Arya Zachariah,Female,2025-12-01
53,Kashish Ganesan,Female,2025-01-22
54,Jalsa Rattan,Female,2026-01-18
55,Ranveer Agate,Male,2026-03-20
56,Vasana Mangal,Female,2025-02-03
57,Garima Gupta,Female,2024-11-03
58,Azaan Murthy,Male,2024-05-12
59,Yashasvi Wali,Female,2024-07-24
60,Girik Biswas,Male,2025-06-08
61,Saksham Dar,Male,2026-02-16
62,Anmol Bumb,Male,2025-01-31
63,Kalpit Jayaraman,Male,2025-08-02
64,Kashvi Lanka,Female,2025-01-14
65,Vasudha Mutti,Female,2026-02-07
66,Aarna Shanker,Female,2025-06-27
67,Balhaar Yogi,Male,2024-09-03
68,Ekaja Palla,Female,2026-01-03
69,Qasim Mane,Male,2024-07-24
70,Aayush Mistry,Male,2026-02-09
71,Ekalinga Lalla,Male,2024-06-24
72,Garima Magar,Female,2024-10-23
73,Pavani Jani,Female,2025-08-15
74,Yashawini Suresh,Female,2024-10-01
75,Chakradhar Sampath,Male,2025-11-26
76,Aarav Nath,Male,2025-10-15
77,Gaurika Sathe,Female,2025-05-08
78,Aayush Choudhury,Male,2024-05-25
79,Anita Pingle,Female,2025-05-30
80,Upasna Datta,Female,2024-05-01
81,Anusha Parmar,Female,2024-09-01
82,Charan Pandya,Male,2025-10-21
83,Garima Khalsa,Female,2025-12-22
84,Samuel Bakshi,Male,2024-08-09
85,Samesh Kothari,Male,2024-10-12
86,Sai Barad,Female,2025-12-17
87,Irya Sharma,Female,2024-12-11
88,Jasmit Bajwa,Female,2025-07-26
89,Omya Mallick,Female,2025-12-22
90,Parth Upadhyay,Male,2025-01-17
91,Akshay D’Alia,Male,2025-12-31
92,Hemal Lanka,Female,2024-04-28
93,Orinder Murthy,Male,2025-02-13
94,Reyansh Gupta,Male,2024-10-03
95,Aadi Venkatesh,Male,2026-02-04
96,Qabil Sankar,Male,2024-05-22
97,Naksh Dash,Male,2025-09-07
98,Yashica More,Female,2025-07-31
99,Saksham Merchant,Male,2025-05-10
100,Ucchal Raghavan,Female,2025-08-07
101,Nidhi Ravi,Female,2025-05-05
102,Nidra Mangat,Female,2024-09-01
103,Vidhi Sathe,Female,2025-02-17
104,Warjas Gara,Male,2025-07-25
105,Oliver Chander,Male,2025-11-18
106,Nilima Kar,Female,2025-11-09
107,Amaira Batra,Female,2024-09-26
108,Balhaar Shah,Male,2025-01-28
109,Sanaya Talwar,Female,2025-01-17
110,Aahana Chhabra,Female,2025-10-20
111,Gaurang Vasa,Male,2025-03-05
112,Divya Shan,Female,2024-07-07
113,Nathan Savant,Male,2025-06-21
114,Vansha Dutt,Female,2025-09-25
115,Umang Lad,Male,2025-10-01
116,Xavier Khare,Male,2024-10-18
117,Mekhala Keer,Female,2024-10-16
118,Banjeet Devi,Male,2024-07-19
119,Faraj Kala,Male,2024-05-17
120,Oni Shukla,Female,2025-01-29
121,Shivansh Ramachandran,Male,2026-01-20
122,Ranveer Sood,Male,2024-04-05
123,Neha Ramakrishnan,Female,2025-12-14
124,Januja Sura,Female,2024-09-07
125,Xavier Balakrishnan,Male,2025-01-09
126,Fitan Sibal,Male,2026-01-31
127,Shravya Bala,Female,2024-06-01
128,Ekanta Shenoy,Female,2024-08-11
129,Ranveer Narang,Male,2024-09-02
130,Om Raghavan,Male,2024-10-20
131,Jonathan Bumb,Male,2025-03-09
132,Parth Kapur,Male,2025-07-18
133,Alexander Kota,Male,2024-08-24
134,Ganga Khare,Female,2024-07-02
135,Ikbal Shroff,Male,2025-08-23
136,Fiyaz Contractor,Male,2025-10-20
137,Nachiket Chokshi,Male,2025-05-27
138,Riya Ranganathan,Female,2026-02-16
139,Baljiwan Kibe,Male,2024-06-14
140,Dipta Barman,Female,2024-12-10
141,Reva Biswas,Female,2025-04-04
142,Abeer Salvi,Male,2025-11-21
143,Tarak Pathak,Male,2025-07-08
144,Ganga Saran,Female,2024-08-07
145,Warhi Shroff,Female,2025-02-12
146,Ojasvi Korpal,Female,2025-11-27
147,Maya Seshadri,Female,2024-09-25
148,Sachi Nayar,Female,2024-04-21
149,Gavin Sura,Male,2024-09-02
150,Onkar Mammen,Male,2026-01-02
151,Abdul Varughese,Male,2026-02-21
152,Jai Ray,Male,2025-03-23
153,Vyanjana Swaminathan,Female,2025-02-21
154,Chakradhar Menon,Male,2024-09-09
155,Michael Pillay,Male,2025-03-12
156,Simon Narayanan,Male,2024-12-13
157,Krishna Mohan,Male,2024-10-01
158,Gopal Mutti,Male,2024-06-27
159,Gopal Kalita,Male,2025-09-21
160,Lohit Chaudhry,Male,2025-11-28
161,Ishaan Patel,Male,2024-08-09
162,Dev Mahal,Male,2024-05-04
163,Mugdha Date,Female,2025-07-10
164,Charan Arora,Male,2025-05-24
165,Wriddhish Sastry,Male,2024-12-05
166,Lajita Sridhar,Female,2024-06-23
167,Suhani Swamy,Female,2024-05-25
168,Faqid Dixit,Male,2025-11-13
169,Brijesh Kothari,Male,2024-06-26
170,Jeevika Virk,Female,2025-01-03
171,Manthan Sanghvi,Male,2024-11-09
172,Chavvi Johal,Female,2025-07-01
173,Chaitaly Dugar,Female,2024-09-22
174,Farhan Agate,Male,2025-01-23
175,Madhav Bali,Male,2024-09-16
176,Utkarsh Bobal,Male,2025-08-15
177,Ira Sandal,Female,2024-06-23
178,Falguni Lata,Female,2025-11-24
179,Bhanumati Gandhi,Female,2025-10-30
180,Urvashi Dash,Female,2025-03-08
181,Tamanna Magar,Female,2025-03-31
182,Theodore Buch,Male,2025-06-10
183,Neel Krishna,Male,2024-04-19
184,Advaith Luthra,Male,2025-05-26
185,Vrinda Venkataraman,Female,2025-07-19
186,Hemangini Sarin,Female,2025-07-07
187,Chakradev Singhal,Male,2024-12-10
188,Naveen Cheema,Male,2025-12-17
189,Samesh Tandon,Male,2024-10-28
190,Andrew Sha,Male,2024-06-04
191,Ojasvi D’Alia,Female,2026-03-09
192,Aadi Shere,Male,2025-01-27
193,Yochana Pathak,Female,2025-06-28
194,Timothy Behl,Male,2024-08-27
195,Mitali Sarma,Female,2026-01-03
196,Divya Balakrishnan,Female,2026-03-11
197,Fariq Mukhopadhyay,Male,2025-05-07
198,Chakradhar Kar,Male,2026-03-25
199,Vedhika Dalal,Female,2025-07-17
200,Zaid Manne,Male,2025-04-06
201,Sarthak Subramanian,Male,2026-03-16
202,Vedant Dhillon,Male,2025-01-05
203,Bakhshi Majumdar,Male,2025-10-16
204,Onkar Tripathi,Male,2024-10-12
205,Lohit Misra,Male,2025-12-02
206,Falguni Sekhon,Female,2025-04-28
207,Osha Purohit,Female,2025-02-26
208,Ijaya Khare,Female,2025-05-22
209,Samesh Bassi,Male,2024-11-18
210,Sai Raju,Female,2026-03-22
211,Yug Bansal,Male,2024-07-02
212,Chandresh Sarraf,Male,2024-06-12
213,Advika Dhawan,Female,2025-01-24
214,Baljiwan Singh,Male,2025-10-22
215,Pallavi Rao,Female,2025-07-18
216,Sachi Nadig,Female,2025-07-01
217,Anita Biswas,Female,2024-09-19
218,Jhalak Chana,Female,2025-02-11
219,Daksha Sawhney,Female,2024-07-31
220,Amrita Batra,Female,2024-11-23
221,Manan Parmer,Male,2024-12-30
222,Jason Wali,Male,2025-01-26
223,Harinakshi Gill,Female,2024-05-28
224,Jai Tank,Male,2026-01-26
225,Jack Shenoy,Male,2025-07-10
226,Joshua Andra,Male,2026-01-16
227,Mitali Dugar,Female,2024-05-24
228,Mason Samra,Male,2025-08-17
229,Matthew Issac,Male,2026-03-30
230,Damyanti Khalsa,Female,2025-01-04
231,Manbir Merchant,Male,2024-04-16
232,Laksh Anand,Male,2025-05-18
233,Yuvraj Mangat,Male,2025-10-18
234,Patrick Kanda,Male,2025-07-09
235,Ekapad Chatterjee,Male,2026-01-19
236,Mohammed Sastry,Male,2024-04-25
237,Dominic Chana,Male,2026-01-24
238,Triya Gill,Female,2024-08-25
239,Zashil Mahajan,Male,2025-11-27
240,Wridesh Merchant,Male,2025-09-27
241,Dakshesh Sidhu,Male,2026-03-03
242,Isaiah Ranganathan,Male,2026-03-07
243,Chandani Rana,Female,2024-04-11
244,Vasana Pillay,Female,2025-08-04
245,Sai Prabhu,Female,2024-06-18
246,Warinder Bakshi,Male,2025-06-26
247,Janya Bhatnagar,Female,2025-07-08
248,Matthew Rege,Male,2024-06-25
249,Anjali Modi,Female,2026-03-28
250,Chasmum Keer,Female,2026-01-07
251,Rishi Setty,Male,2024-12-27
252,Garima Sachdeva,Female,2025-07-22
253,Tanvi Mammen,Female,2024-04-24
254,Janani Sawhney,Female,2025-02-19
255,Pratyush Chaudhary,Male,2026-03-17
256,Praneel Bhat,Male,2025-01-16
257,Divya Sha,Female,2024-06-06
258,Advaith Bedi,Male,2025-10-26
259,Dev Jha,Male,2024-05-21
260,Hritik Kaul,Male,2024-11-26
261,Aadhya Malhotra,Female,2025-12-17
262,Dhruv Zachariah,Male,2024-09-30
263,Dayamai Bal,Female,2024-07-06
264,Jagat Naik,Male,2024-04-12
265,Atharv Date,Male,2025-09-23
266,Bhavika Soni,Female,2025-02-21
267,Yashvi Chopra,Female,2025-02-24
268,Anthony Verma,Male,2024-11-06
269,Bhavani Srinivas,Female,2025-12-09
270,Darika Swaminathan,Female,2025-09-02
271,Balhaar Buch,Male,2024-11-21
272,Bhavini Date,Female,2024-10-18
273,Rayaan Wali,Male,2024-11-01
274,Chandran Contractor,Male,2025-12-13
275,Upasna Seth,Female,2026-01-08
276,Omkaar Setty,Male,2025-01-16
277,Naksh Sane,Male,2024-11-14
278,Rachit Dua,Male,2025-08-14
279,Bhavna Chand,Female,2025-11-28
280,Upma Char,Female,2025-09-25
281,Dhruv Bhasin,Male,2025-06-02
282,Divya Roy,Female,2024-12-14
283,Atharv Mani,Male,2025-06-12
284,Damini Tripathi,Female,2024-09-03
285,Jasmit Chokshi,Female,2024-12-12
286,Deepa Mallick,Female,2025-05-24
287,Agastya Loke,Male,2024-04-22
288,Mohammed Nori,Male,2024-12-12
289,Eshana Rattan,Female,2024-05-21
290,Chandani Wali,Female,2024-09-04
291,Utkarsh Om,Male,2024-07-24
292,Nicholas Chad,Male,2026-01-04
293,Gaurangi Bawa,Female,2025-08-05
294,Timothy Samra,Male,2025-03-21
295,Triya Mahajan,Female,2024-09-05
296,Orinder Sani,Male,2024-06-20
297,Zansi Morar,Female,2024-05-04
298,Baghyawati Amble,Female,2024-08-28
299,Ekapad Kumer,Male,2024-10-29
300,Aarush Tank,Male,2025-09-27
301,Dhruv Rai,Male,2025-04-24
302,Zashil Pandya,Male,2024-05-23
303,Tejas Bahl,Male,2025-03-02
304,Nirja Sanghvi,Female,2025-05-24
305,Maanav Contractor,Male,2025-01-21
306,Harinakshi Sharma,Female,2025-11-28
307,Chaitanya Sarkar,Male,2025-12-07
308,Tejas Rattan,Male,2025-04-17
309,Nilima Nori,Female,2024-09-09
310,Brinda Uppal,Female,2025-07-06
311,Owen Panchal,Male,2025-09-13
312,Kamya Chauhan,Female,2024-07-16
313,Gabriel Dua,Male,2025-10-07
314,Gaurang Tak,Male,2025-03-05
315,Neel Mutti,Male,2024-07-20
316,Vrinda Sathe,Female,2025-07-05
317,Baghyawati Pandey,Female,2025-04-05
318,Vihaan Seth,Male,2024-04-28
319,Luke Bose,Male,2025-07-14
320,Zehaan Rajagopalan,Male,2025-03-04
321,Umang Guha,Male,2024-11-21
322,Yamini Dora,Female,2026-02-28
323,Charan Oza,Male,2026-03-18
324,Zayyan Gera,Male,2024-04-29
325,Urvashi Viswanathan,Female,2025-04-17
326,Rajata Pradhan,Female,2026-01-30
327,Samarth Nigam,Male,2025-08-08
328,Oviya Bhatti,Female,2024-11-27
329,Lucky Krishnan,Male,2025-09-10
330,Ojas Bumb,Male,2025-05-30
331,Pushti Mukherjee,Female,2026-03-07
332,Dhruv Chad,Male,2024-11-12
333,Omya Datta,Female,2025-08-02
334,Siddharth Trivedi,Male,2024-12-20
335,Mohammed Gole,Male,2026-02-23
336,Watika Handa,Female,2024-09-13
337,Garima Brahmbhatt,Female,2024-11-02
338,Yashica Zacharia,Female,2025-11-30
339,Om Deep,Male,2025-06-10
340,Finn Golla,Male,2025-11-28
341,Theodore Bassi,Male,2025-01-25
342,Tristan Mane,Male,2025-10-01
343,Kamala Walla,Female,2024-09-22
344,Indali Pillai,Female,2025-08-08
345,Vedhika Manda,Female,2025-10-20
346,Faris Iyengar,Male,2025-11-06
347,Ladli Ben,Female,2025-07-12
348,Dalaja Varty,Female,2025-12-12
349,Chakrika Dyal,Female,2024-10-16
350,Urmi Chand,Female,2026-02-19
351,Umang Palla,Male,2026-02-08
352,Avi Randhawa,Male,2025-04-01
353,Sanya Bumb,Female,2024-12-30
354,Nathaniel Chaudhary,Male,2025-12-03
355,Eta Devan,Female,2024-04-28
356,Ekaraj Singh,Male,2025-02-22
357,Balveer Bahl,Male,2024-10-04
358,Zarna Sampath,Female,2024-06-21
359,Kashish Mitra,Female,2024-06-28
360,Ubika Shankar,Female,2024-05-16
361,Adweta Varma,Female,2025-05-25
362,Madhav Sanghvi,Male,2024-04-02
363,Kavya Saha,Female,2024-08-15
364,Pranit Bir,Male,2026-02-25
365,Saumya Singhal,Female,2024-05-02
366,Rachit Kulkarni,Male,2025-09-27
367,Bhavna Pai,Female,2024-09-23
368,Ojas Deol,Male,2024-05-03
369,Gagan Shetty,Male,2026-03-17
370,Hemani Deshmukh,Female,2024-05-17
371,Anita Memon,Female,2024-08-25
372,Ansh Mutti,Male,2026-02-10
373,Vritti Kulkarni,Female,2024-04-27
374,Mekhala Parikh,Female,2025-12-20
375,Noah Mahajan,Male,2024-06-30
376,Urmi Ratta,Female,2025-09-24
377,Pallavi Grover,Female,2025-03-28
378,Raksha Venkataraman,Female,2024-10-12
379,Unnati Brar,Female,2025-02-08
380,Nandini Nagi,Female,2024-06-14
381,Neelima Mohan,Female,2025-02-20
382,Fiyaz Sawhney,Male,2024-12-13
383,Patrick Saran,Male,2024-10-18
384,Bishakha Ravi,Female,2024-12-21
385,Amruta Dhar,Female,2025-12-10
386,Anay Date,Male,2024-05-20
387,Radhika Rajagopal,Female,2026-02-22
388,Ganga Sengupta,Female,2026-02-21
389,Tristan Bose,Male,2025-05-24
390,Sneha Murthy,Female,2025-07-18
391,Deepa Bal,Female,2025-09-19
392,Rishi Dalal,Male,2024-10-08
393,Vansha Kala,Female,2026-03-28
394,Xalak Iyengar,Female,2024-06-29
395,Varsha Gera,Female,2026-01-16
396,Chameli Nagarajan,Female,2025-07-31
397,Mohini Mital,Female,2025-12-12
398,Pratyush Trivedi,Male,2024-09-11
399,Ekiya Khalsa,Female,2025-10-29
400,Pranit Pillay,Male,2025-03-07
401,Caleb Bhatti,Male,2024-11-12
402,Zansi Roy,Female,2025-10-13
403,Edhitha Nadig,Female,2025-07-13
404,Viraj Varughese,Male,2024-12-08
405,Dhruv Sant,Male,2025-04-02
406,Diya Vasa,Female,2024-07-21
407,Faris Naidu,Male,2026-02-11
408,Oscar Venkataraman,Male,2026-01-13
409,Jeremiah Hegde,Male,2025-07-07
410,Dev Mitter,Male,2025-06-22
411,Zayan Ganguly,Male,2025-06-06
412,Frederick Nazareth,Male,2025-12-06
413,Amrita Bumb,Female,2024-05-04
414,Henry Saha,Male,2025-06-25
415,Yadavi Mann,Female,2025-07-12
416,Warhi Konda,Female,2025-11-08
417,Manthan Setty,Male,2024-05-24
418,Gaurangi Sarraf,Female,2025-01-28
419,Ishani Oak,Female,2025-06-17
420,Odika Pai,Female,2026-03-13
421,Qasim Varma,Male,2025-05-15
422,Jai Shukla,Male,2024-06-29
423,Jatin Dhaliwal,Male,2024-06-10
424,Rehaan Sahota,Male,2024-09-28
425,Omisha Munshi,Female,2024-08-17
426,Zaid Varma,Male,2025-03-07
427,Yuvraj Bajaj,Male,2024-06-05
428,Yashawini Shankar,Female,2026-03-06
429,Patrick Bava,Male,2024-05-07
430,Wahab Mangal,Male,2025-04-27
431,Tanveer Desai,Male,2026-01-04
432,Tamanna Pau,Female,2024-05-03
433,Gunbir Patil,Male,2025-05-09
434,Sanya Thaman,Female,2025-02-23
435,Dhriti Dave,Female,2026-03-12
436,Ridhi Nori,Female,2025-05-12
437,Eshana Issac,Female,2025-06-14
438,Yamini Baria,Female,2024-05-04
439,Ojas Som,Male,2025-04-14
440,Yasti Dey,Female,2024-11-26
441,Gautami Ramaswamy,Female,2026-03-24
442,Pahal Tripathi,Female,2025-11-25
443,Mason Soman,Male,2025-11-16
444,Oni Choudhary,Female,2026-03-16
445,Amara Som,Female,2024-10-11
446,Atharv Srinivasan,Male,2024-08-03
447,Falak Kibe,Female,2024-04-24
448,Ikshita Bahl,Female,2025-02-16
449,Faqid Sachar,Male,2025-08-17
450,Yamini Sinha,Female,2025-12-28
451,Ekapad Venkataraman,Male,2024-08-30
452,Waida Vora,Female,2024-12-31
453,Veda Walia,Female,2024-12-06
454,Libni Sule,Female,2024-08-19
455,Liam Misra,Male,2024-09-11
456,Maanas Johal,Male,2025-08-17
457,Nathan Srinivasan,Male,2024-12-11
458,Maanas Dara,Male,2025-05-24
459,Siya Pai,Female,2026-02-25
460,Maanav Basak,Male,2024-10-27
461,Oscar Sathe,Male,2025-07-23
462,Hredhaan Jaggi,Male,2025-11-25
463,Madhavi Devan,Female,2024-06-19
464,Keya Bedi,Female,2025-08-02
465,Kamala Ben,Female,2024-06-13
466,Vrishti Chaudhry,Female,2025-08-10
467,Aahana Dugar,Female,2025-01-22
468,William Iyengar,Male,2025-10-04
469,Naveen Mangal,Male,2025-07-15
470,Kala Warrior,Female,2025-09-21
471,Harita Sahni,Female,2026-01-04
472,Andrew Ranganathan,Male,2025-10-27
473,Mohini Barad,Female,2024-04-07
474,Oviya Mane,Female,2025-02-26
475,Ekalinga Thaman,Male,2025-03-08
476,Dayita Narayanan,Female,2024-07-28
477,Lavanya Grewal,Female,2024-04-11
478,Neelima Hans,Female,2024-08-06
479,Unni Varma,Female,2024-11-26
480,Champak Goyal,Male,2026-03-17
481,Ojasvi Kothari,Female,2024-04-05
482,Jacob Sekhon,Male,2025-10-02
483,Nidhi Apte,Female,2024-10-08
484,Kamya Bhatia,Female,2025-07-31
485,Nikita Dutta,Female,2025-01-21
486,Daniel Merchant,Male,2024-12-24
487,Januja Deol,Female,2025-03-15
488,Ridhi Sagar,Female,2025-08-25
489,Janani Kota,Female,2025-08-09
490,Udant Wable,Male,2025-08-27
491,Dayita Bhatia,Female,2025-11-26
492,Falan Gala,Male,2024-11-26
493,Dalbir Jha,Male,2025-09-05
494,Chandani Uppal,Female,2025-02-19
495,Utkarsh Deo,Male,2025-04-10
496,Ayush Shere,Male,2025-08-04
497,Alka Randhawa,Female,2024-10-03
498,Ikbal Bora,Male,2024-05-04
499,Bhavika Bhasin,Female,2026-02-11
500,Warinder Balay,Male,2024-10-27
501,Ekansh Salvi,Male,2024-12-29
502,Vanya Purohit,Female,2024-12-30
503,Priya Dani,Female,2024-08-09
504,Zarna Datta,Female,2025-09-13
505,Aarav Bajaj,Male,2026-03-15
506,Unnati Wali,Female,2025-01-02
507,Krishna Sharma,Female,2024-12-09
508,Ijaya Chowdhury,Female,2024-04-24
509,Adweta Khosla,Female,2024-08-29
510,Anika Sekhon,Female,2025-06-10
511,Krisha Basu,Female,2025-01-19
512,Janani Bhalla,Female,2024-07-12
513,Jackson Nagar,Male,2025-05-26
514,Kashish Mittal,Female,2025-12-30
515,Samuel Mital,Male,2024-10-18
516,Tanay Tandon,Male,2024-05-05
517,Sai Vohra,Female,2024-11-19
518,Samarth Dixit,Male,2024-11-05
519,Warjas Khosla,Male,2025-12-11
520,Ekbal Sheth,Male,2026-01-27
521,Sathvik Wagle,Male,2024-07-07
522,Joshua Jani,Male,2024-11-27
523,Umang Prabhakar,Male,2024-06-07
524,Atharv Loyal,Male,2024-12-31
525,Balhaar Guha,Male,2025-11-08
526,Wriddhish Joshi,Male,2025-12-25
527,Max Aurora,Male,2024-09-02
528,Dhriti Srinivas,Female,2026-01-27
529,Rushil Khatri,Male,2025-05-08
530,Ranveer Shukla,Male,2025-04-25
531,Nikita Lal,Female,2024-12-19
532,Vidhi Chaudhari,Female,2025-11-07
533,Odika Jani,Female,2024-12-27
534,Arin Kant,Male,2025-09-23
535,Kalpit Sahni,Male,2024-11-02
536,Nitesh Karpe,Male,2025-01-02
537,Yahvi Nazareth,Female,2024-10-05
538,Yatan Sharma,Male,2024-08-01
539,Frado Dey,Male,2025-09-08
540,Hiral Bhargava,Female,2025-04-17
541,Arunima Ahuja,Female,2025-01-26
542,Bhavna Dora,Female,2024-04-07
543,Rachit Bhasin,Male,2025-06-25
544,Yagnesh Babu,Male,2024-04-05
545,Abeer Badal,Male,2025-04-21
546,Luke Badal,Male,2025-04-02
547,Hemal Chhabra,Female,2026-01-30
548,Jai Handa,Male,2025-06-26
549,Peter Loke,Male,2025-11-01
550,Ridhi Ravi,Female,2025-03-01
551,Jeevika Mital,Female,2025-08-12
552,Anamika Chander,Female,2025-01-21
553,Wazir Bhalla,Male,2025-07-09
554,Chakrika Tata,Female,2025-12-08
555,Champak Wable,Male,2026-01-31
556,Jagvi Soman,Female,2024-10-15
557,Meera Bali,Female,2024-08-09
558,Abhiram Johal,Male,2025-06-02
559,Brinda Mistry,Female,2024-07-28
560,Saumya Zachariah,Female,2024-11-28
561,Chaaya Tella,Female,2025-09-26
562,Avi Chaudhari,Male,2025-02-13
563,Panini Ranganathan,Female,2026-03-08
564,Alexander Mahajan,Male,2025-10-24
565,Xalak Kari,Female,2024-12-16
566,Upma Grewal,Female,2025-08-09
567,Chaman Merchant,Female,2025-11-03
568,Chakrika Loyal,Female,2024-07-22
569,Saumya Nadig,Female,2024-12-19
570,Aahana Morar,Female,2025-02-19
571,Charan Deo,Male,2024-06-03
572,Udarsh Vala,Male,2025-01-23
573,Chanchal Pandya,Female,2025-05-10
574,Sanya Arora,Female,2024-10-30
575,Brijesh Kibe,Male,2025-05-22
576,Sachi Gara,Female,2024-07-11
577,Lipika Tailor,Female,2024-07-16
578,Urishilla Majumdar,Female,2025-02-01
579,Balvan Patel,Male,2024-10-01
580,Yachana Hayre,Female,2025-02-28
581,Nidra Ahuja,Female,2026-02-21
582,Ranveer Narayan,Male,2025-02-15
583,Ekanta Mital,Female,2024-11-20
584,Wriddhish Murthy,Male,2024-08-08
585,Odika Manne,Female,2025-09-18
586,Keya Nanda,Female,2024-12-31
587,Rajata Comar,Female,2026-02-09
588,Hemangini Bala,Female,2026-02-24
589,Jagrati Sarma,Female,2025-11-03
590,Samarth Tata,Male,2024-07-11
591,Jai Krishnan,Male,2025-07-25
592,Ranbir Borah,Male,2025-02-22
593,Sai Warrior,Male,2025-04-05
594,Anita Parsa,Female,2025-08-25
595,Darika Kothari,Female,2025-07-24
596,Fiyaz Basu,Male,2025-05-16
597,Oni Sani,Female,2024-06-17
598,Leela Kapadia,Female,2025-04-08
599,Vansha Prasad,Female,2025-01-11
600,Orinder Bakshi,Male,2025-03-18
601,Sarthak Chada,Male,2024-06-24
602,Priya Muni,Female,2024-12-07
603,Wyatt Pall,Male,2025-03-14
604,Varsha Nagar,Female,2024-05-19
605,Dakshesh Bajaj,Male,2025-12-11
606,Gayathri Kohli,Female,2025-04-12
607,Oni Sandhu,Female,2026-02-28
608,Tanmayi Gour,Female,2024-08-14
609,Siya Balakrishnan,Female,2025-09-20
610,Varenya Sanghvi,Female,2025-01-09
611,Ishanvi Mallick,Female,2025-10-01
612,Dalaja Yadav,Female,2024-08-15
613,Indira Shankar,Female,2024-06-23
614,Zarna Munshi,Female,2025-06-10
615,Deepa Pall,Female,2024-12-13
616,Harini Mishra,Female,2026-01-30
617,Ekalinga Munshi,Male,2024-06-25
618,Dalbir Goswami,Male,2024-12-29
619,Rishi Sahota,Male,2025-06-09
620,Udyati Grewal,Female,2025-03-21
621,Fiyaz Suri,Male,2024-10-28
622,Nakul Seshadri,Male,2025-06-26
623,Aayush Sundaram,Male,2024-07-09
624,Zayyan Talwar,Male,2025-01-24
625,Triya Sawhney,Female,2025-03-23
626,Amruta Kannan,Female,2024-10-30
627,Jeevika Yogi,Female,2024-10-28
628,Yug Vaidya,Male,2024-06-22
629,Krish Peri,Male,2025-05-01
630,Urvi Kamdar,Female,2026-03-23
631,Jatin Mishra,Male,2025-12-29
632,Varenya Lall,Female,2024-12-11
633,Theodore Dalal,Male,2025-10-18
634,Jagrati Panchal,Female,2025-12-19
635,Fitan Dewan,Male,2025-10-25
636,Ayushman Panchal,Male,2025-04-24
637,Ojasvi Master,Female,2024-10-28
638,Champak Deshmukh,Male,2026-03-03
639,Ayushman Malhotra,Male,2025-12-24
640,Ekaja Krish,Female,2024-07-16
641,Jatin Ramaswamy,Male,2025-03-23
642,Triya Prashad,Female,2025-02-24
643,Saksham Varma,Male,2025-09-29
644,Utkarsh Sura,Male,2024-11-25
645,Charita Shanker,Female,2025-07-07
646,Bhavika Warrior,Female,2025-01-15
647,Jagvi Talwar,Female,2024-10-13
648,Pahal De,Female,2025-05-18
649,Pavani Bava,Female,2024-05-04
650,Abhiram Dash,Male,2026-02-07
651,Thomas Shan,Male,2024-04-01
652,Isha Deo,Female,2026-01-04
653,Gauri Mahal,Female,2024-06-08
654,Jeremiah Butala,Male,2024-12-28
655,Atharv Randhawa,Male,2025-07-01
656,Upadhriti Chand,Female,2025-08-26
657,Jalsa Sood,Female,2024-05-27
658,Tristan Andra,Male,2024-04-06
659,Darpan Sami,Male,2025-08-19
660,Balendra Karnik,Male,2025-01-05
661,Charan Munshi,Male,2024-12-24
662,Ekantika Raja,Female,2025-10-16
663,Ekbal Biswas,Male,2025-04-22
664,Fitan Sarraf,Male,2024-12-13
665,Faqid Sabharwal,Male,2025-06-24
666,Janani Chadha,Female,2026-01-14
667,David Rajagopalan,Male,2024-12-13
668,Nisha Dey,Female,2024-09-28
669,Kritika Mane,Female,2025-10-20
670,Nidhi Jha,Female,2025-04-13
671,Shivani Merchant,Female,2025-07-16
672,Yachana Raju,Female,2024-06-22
673,Bimala Wable,Female,2026-01-08
674,Pranit Nadig,Male,2024-07-06
675,Qadim Gera,Male,2025-10-09
676,Abhiram Bir,Male,2024-04-11
677,Anmol Bhasin,Male,2026-02-21
678,Yashica Mangat,Female,2025-07-03
679,Siddharth Ratti,Male,2024-05-31
680,Liam Chacko,Male,2024-11-12
681,Faras Yadav,Male,2024-11-25
682,Mohammed Sarkar,Male,2025-09-15
683,Ayush Konda,Male,2024-06-02
684,Dalbir Setty,Male,2025-06-21
685,Mohammed Gill,Male,2024-06-27
686,Aashi Gade,Female,2025-03-28
687,Yutika Varughese,Female,2025-10-23
688,Geetika Prabhu,Female,2024-07-02
689,Dhriti Balan,Female,2024-12-01
690,Laban Viswanathan,Male,2024-05-17
691,Yuvraj Shah,Male,2025-04-08
692,Yahvi Ganesan,Female,2024-12-25
693,Dalaja D’Alia,Female,2024-09-14
694,Anya Arora,Female,2024-09-26
695,Qabil Rajagopal,Male,2026-01-31
696,Andrew Saini,Male,2024-09-11
697,Turvi Nagarajan,Female,2024-10-15
698,Quincy Dar,Male,2025-04-01
699,Hemal Kapoor,Female,2025-11-08
700,Sai Biswas,Male,2025-12-31
701,Nachiket Narang,Male,2024-06-02
702,Aayush Pillay,Male,2024-08-25
703,Keya Shetty,Female,2024-12-25
704,Guneet Korpal,Male,2024-07-19
705,Advik Kaul,Male,2025-04-30
706,Oliver Agarwal,Male,2025-10-06
707,Mitesh Chawla,Male,2024-08-28
708,Ubika Swamy,Female,2026-03-02
709,Meera Chander,Female,2024-05-03
710,Yoshita Sachar,Female,2025-08-24
711,Veer Chad,Male,2025-05-29
712,Shravya Borde,Female,2025-06-06
713,Urishilla De,Female,2024-09-20
714,Nisha Ramaswamy,Female,2025-08-24
715,Nitara Sethi,Female,2024-10-16
716,Isha Deshpande,Female,2025-10-21
717,Garima Cherian,Female,2024-07-29
718,Naksh Ray,Male,2024-06-28
719,Hemang Seth,Male,2024-11-11
720,Dipta Chana,Female,2024-07-24
721,Anusha Kale,Female,2025-12-01
722,Falak Chand,Female,2025-09-01
723,Rudra Varghese,Male,2024-05-06
724,Kalpit Ghosh,Male,2024-04-23
725,Upkaar Krish,Male,2024-06-09
726,Ekaraj Dara,Male,2024-04-09
727,Eiravati Hora,Female,2025-11-22
728,Brijesh Lad,Male,2026-01-29
729,Advay Bhattacharyya,Male,2024-08-23
730,Eesha Chanda,Female,2026-01-20
731,Divya Basak,Female,2026-02-16
732,Hamsini Sant,Female,2025-11-21
733,Yuvraj Balan,Male,2025-01-05
734,Harini Pandya,Female,2024-09-04
735,Mahika Mammen,Female,2025-02-20
736,Anay Korpal,Male,2025-07-16
737,Tripti Srinivas,Female,2024-05-15
738,Sanaya Devan,Female,2025-01-31
739,Adya Raja,Female,2025-10-23
740,Wakeeta Sundaram,Female,2024-12-07
741,Sara Madan,Female,2024-08-10
742,Imaran Balan,Male,2026-01-14
743,Ayush Sodhi,Male,2025-04-21
744,Gauri Chaudhry,Female,2024-09-28
745,Lila Walla,Female,2025-11-17
746,Januja Rama,Female,2024-12-15
747,Hema Khalsa,Female,2025-06-06
748,Amrita Pandey,Female,2026-02-20
749,Girindra Tailor,Male,2025-05-01
750,Xalak Barad,Female,2024-06-05
751,Imaran Bahri,Male,2025-04-19
752,Oni Jaggi,Female,2025-11-09
753,Hema Naik,Female,2024-05-14
754,Ekta Choudhry,Female,2025-12-09
755,Balhaar Prakash,Male,2025-08-27
756,Daksha Nayar,Female,2024-11-06
757,Farhan Sarkar,Male,2025-10-30
758,Nitara Ghosh,Female,2025-08-29
759,Jasmit Gill,Female,2025-01-01
760,Devansh Goel,Male,2025-09-14
761,Amol Gopal,Male,2025-06-14
762,Damini Taneja,Female,2024-07-12
763,Kashish Palan,Female,2026-03-18
764,Chanchal Nayak,Female,2025-02-20
765,Henry Krish,Male,2025-08-19
766,Kabir Chokshi,Male,2025-09-08
767,Sanya Sarma,Female,2025-09-17
768,Samuel Tailor,Male,2026-01-03
769,Riya Chaudhuri,Female,2025-11-26
770,Gautami Seth,Female,2024-05-24
771,Nandini Bahri,Female,2024-11-19
772,Balhaar Oommen,Male,2024-08-03
773,Faris Borde,Male,2025-05-04
774,Omkaar Subramanian,Male,2025-08-27
775,Fitan Saraf,Male,2024-07-24
776,Oni Jha,Female,2026-03-12
777,Kevin Manda,Male,2024-11-03
778,Arya Ramaswamy,Female,2025-05-22
779,Faraj Bhagat,Male,2024-12-20
780,Caleb Menon,Male,2025-11-22
781,Harish Chatterjee,Male,2024-04-19
782,Mugdha Bumb,Female,2025-03-12
783,Mitesh Rao,Male,2025-03-10
784,Chakradev Ram,Male,2024-08-13
785,Reva Grover,Female,2025-02-19
786,Urvi Shroff,Female,2024-10-10
787,Bhavani Dora,Female,2025-10-01
788,Chaman Padmanabhan,Female,2025-11-11
789,Jhalak Bhat,Female,2025-12-04
790,Vyanjana Keer,Female,2025-03-14
791,Rudra Banerjee,Male,2025-04-02
792,Dipta Sen,Female,2024-08-05
793,Hitesh Hans,Male,2024-07-01
794,Chaaya Saran,Female,2024-08-26
795,Kai Nagarajan,Male,2026-01-24
796,Caleb Rama,Male,2025-05-11
797,Lakshit Venkatesh,Male,2025-02-28
798,Yutika Saini,Female,2024-06-22
799,Falak Chaudhry,Female,2026-02-04
800,Mekhala Wason,Female,2026-01-02
