transaction_id,customer_id,product_id,quantity,discount_pct,transaction_date
1,1,28,2,0.1,2026-01-22
2,2,39,2,0,2025-08-22
3,3,15,1,0,2025-09-15
4,3,11,1,0,2025-12-10
5,3,38,1,0,2026-02-15
6,4,26,1,0.05,2025-07-30
7,4,45,1,0,2025-08-20
8,4,42,1,0,2025-10-08
9,4,16,3,0,2025-12-10
10,4,44,2,0.1,2026-03-21
11,5,16,1,0,2025-12-04
12,5,21,1,0,2026-03-06
13,6,21,2,0,2024-12-11
14,7,12,1,0,2025-07-03
15,8,42,1,0,2026-02-05
16,9,16,1,0,2025-08-28
17,10,46,1,0.1,2025-11-21
18,10,18,1,0.2,2026-01-08
19,11,35,2,0,2026-03-24
20,12,48,1,0.15,2026-01-26
21,12,24,2,0,2026-03-14
22,13,33,3,0,2025-11-05
23,13,26,2,0.1,2025-12-07
24,13,1,1,0.1,2026-03-24
25,14,4,1,0,2025-05-11
26,14,11,1,0.05,2025-06-24
27,14,47,1,0,2025-07-17
28,14,31,1,0.2,2025-10-30
29,15,49,1,0.1,2025-08-05
30,15,27,1,0,2025-11-20
31,15,28,1,0.2,2026-01-09
32,16,41,2,0,2025-02-12
33,16,19,1,0,2025-03-31
34,17,52,1,0,2025-04-29
35,18,35,2,0,2025-10-15
36,19,19,1,0,2025-12-10
37,20,36,1,0,2026-02-07
38,21,30,1,0,2026-03-30
39,22,40,1,0.1,2026-03-05
40,23,13,2,0.1,2026-02-11
41,24,57,1,0,2026-03-18
42,25,6,1,0,2026-03-14
43,26,43,2,0.1,2025-11-23
44,26,4,1,0,2026-02-21
45,26,33,1,0.1,2026-03-26
46,27,24,1,0.05,2025-12-15
47,28,49,1,0,2026-03-26
48,29,42,1,0.2,2026-01-25
49,30,18,1,0.1,2025-10-14
50,30,44,1,0.1,2026-01-13
51,31,31,1,0.1,2025-12-05
52,32,31,1,0.05,2026-02-11
53,33,48,1,0,2025-05-25
54,33,12,2,0,2025-07-16
55,34,18,1,0,2026-03-19
56,35,17,1,0,2026-03-07
57,36,20,1,0.05,2026-02-11
58,37,13,1,0.2,2026-01-03
59,38,10,2,0,2026-03-28
60,39,9,2,0,2025-03-18
61,39,15,1,0,2025-04-03
62,39,5,1,0,2025-05-25
63,39,7,1,0,2025-07-31
64,39,14,1,0,2025-10-03
65,39,44,1,0,2026-01-25
66,40,27,1,0,2025-12-20
67,41,22,1,0,2024-07-05
68,42,19,2,0.1,2026-03-10
69,43,6,1,0,2025-05-03
70,43,53,1,0.1,2025-08-02
71,43,34,2,0,2025-09-03
72,43,19,1,0.2,2025-10-26
73,43,21,1,0.05,2025-12-21
74,43,12,1,0.1,2026-03-23
75,44,24,1,0.15,2025-11-12
76,44,39,1,0,2025-12-23
77,44,15,1,0,2026-03-04
78,45,10,1,0.15,2026-01-22
79,46,36,1,0,2025-12-13
80,47,42,1,0.05,2025-05-13
81,48,26,1,0,2026-02-04
82,49,42,1,0.05,2024-12-14
83,50,19,1,0,2024-09-15
84,50,21,1,0.2,2024-10-05
85,50,34,1,0,2024-12-31
86,50,23,1,0.05,2025-04-07
87,50,13,1,0,2025-07-17
88,50,14,1,0.25,2025-10-22
89,50,17,1,0,2025-12-27
90,51,18,1,0,2025-03-03
91,52,30,1,0,2025-12-07
92,52,38,1,0,2026-03-24
93,53,48,1,0,2025-06-27
94,53,18,1,0.15,2025-10-02
95,53,7,1,0,2025-10-30
96,53,31,1,0.1,2026-02-08
97,54,28,1,0,2026-02-01
98,55,4,1,0.1,2026-03-24
99,56,38,1,0.05,2025-08-17
100,57,6,1,0,2025-05-25
101,58,44,1,0.1,2026-02-06
102,58,19,1,0.05,2026-03-26
103,59,20,1,0.1,2025-09-15
104,59,29,2,0.2,2025-10-14
105,60,3,1,0,2025-08-18
106,61,6,1,0.05,2026-03-09
107,62,22,1,0,2025-08-08
108,63,20,1,0.1,2026-03-21
109,64,51,1,0,2025-08-11
110,65,6,2,0.05,2026-03-07
111,66,7,3,0.05,2025-09-30
112,66,31,1,0.15,2025-10-21
113,66,32,1,0,2025-12-20
114,66,28,1,0.1,2026-01-05
115,66,5,1,0,2026-03-23
116,67,32,1,0,2025-12-27
117,68,29,2,0.1,2026-01-25
118,69,25,2,0,2025-12-16
119,70,31,1,0.1,2026-02-13
120,71,41,2,0,2024-07-11
121,72,18,2,0,2024-11-18
122,73,38,2,0,2026-02-25
123,74,12,1,0.1,2025-11-30
124,75,31,1,0,2025-12-22
125,76,16,2,0.2,2025-11-20
126,76,17,1,0,2026-03-15
127,77,21,3,0.1,2025-07-20
128,77,39,3,0,2025-09-14
129,77,53,2,0,2025-12-28
130,77,27,1,0.1,2026-02-18
131,78,29,1,0.15,2024-10-11
132,78,35,2,0,2024-12-06
133,78,24,1,0.1,2025-01-21
134,78,20,1,0,2025-05-13
135,78,48,1,0,2025-08-22
136,78,36,1,0,2025-10-26
137,78,43,1,0.15,2026-01-11
138,78,44,1,0,2026-02-13
139,79,34,2,0,2025-12-14
140,79,49,1,0.1,2026-02-10
141,80,44,1,0,2025-04-24
142,81,13,3,0.15,2026-01-12
143,82,24,2,0.1,2026-03-25
144,83,5,1,0,2026-02-27
145,84,6,1,0.1,2025-05-19
146,85,19,1,0.1,2024-12-21
147,86,43,1,0.25,2026-01-04
148,87,4,1,0,2025-12-26
149,88,20,1,0.1,2025-09-19
150,88,14,3,0,2025-12-18
151,88,44,1,0.15,2026-01-30
152,89,38,1,0,2026-02-20
153,89,3,1,0.1,2026-03-18
154,90,10,1,0.1,2026-03-06
155,91,24,1,0.1,2026-03-05
156,92,7,1,0,2025-09-07
157,93,38,2,0,2025-06-06
158,94,12,1,0,2026-02-02
159,95,15,1,0.1,2026-03-22
160,96,9,1,0.1,2025-03-29
161,97,37,2,0.25,2025-10-21
162,97,40,1,0.2,2026-01-21
163,97,7,1,0,2026-03-13
164,98,56,1,0,2025-10-12
165,98,22,1,0,2026-02-04
166,99,54,1,0.2,2025-10-26
167,100,15,2,0,2026-01-01
168,100,2,1,0,2026-03-10
169,101,1,2,0.15,2025-11-13
170,102,23,1,0,2024-09-05
171,103,19,1,0.05,2026-03-30
172,104,29,1,0,2026-03-22
173,105,39,1,0,2026-03-09
174,106,35,1,0,2026-01-27
175,107,7,1,0,2025-08-19
176,108,25,1,0.1,2025-05-28
177,108,39,1,0.1,2025-06-19
178,108,1,1,0,2025-08-04
179,108,36,1,0,2025-08-30
180,108,5,1,0,2025-11-08
181,108,37,1,0,2025-12-07
182,108,14,1,0.05,2026-02-18
183,109,18,1,0.2,2025-11-12
184,109,3,1,0,2026-02-15
185,109,59,1,0,2026-03-11
186,110,13,2,0,2026-01-06
187,111,39,2,0,2025-07-14
188,111,36,1,0,2025-08-29
189,111,16,1,0.1,2025-09-18
190,111,14,1,0,2025-12-02
191,111,25,1,0.05,2026-02-01
192,112,53,1,0.05,2024-12-28
193,112,18,1,0.2,2025-01-17
194,112,48,1,0,2025-03-24
195,112,8,3,0,2025-04-16
196,112,45,2,0,2025-06-29
197,113,24,2,0,2025-09-21
198,113,11,1,0.25,2025-10-25
199,113,26,1,0,2025-11-09
200,113,25,3,0,2026-01-15
201,113,38,1,0,2026-02-02
202,113,45,1,0,2026-03-18
203,114,24,1,0,2025-11-15
204,115,35,2,0,2026-01-27
205,116,25,1,0,2026-03-05
206,117,55,1,0.1,2025-09-26
207,117,20,1,0,2025-11-10
208,117,51,2,0.2,2026-01-01
209,117,2,1,0,2026-02-18
210,118,14,1,0,2024-11-12
211,119,14,1,0.1,2025-05-05
212,119,24,1,0,2025-07-16
213,119,18,1,0.1,2025-09-08
214,120,1,1,0,2025-05-11
215,120,39,1,0,2025-06-26
216,120,45,1,0,2025-08-25
217,121,2,2,0,2026-01-23
218,122,13,2,0,2025-12-17
219,123,7,1,0.1,2026-03-10
220,124,50,1,0,2025-04-25
221,124,11,1,0,2025-07-31
222,124,6,1,0,2025-08-25
223,124,10,1,0.25,2025-11-22
224,124,13,1,0,2026-02-20
225,125,3,1,0,2025-05-31
226,125,37,1,0.05,2025-07-07
227,125,17,1,0.05,2025-09-05
228,126,5,1,0,2026-02-08
229,127,33,2,0,2024-06-18
230,127,42,1,0,2024-07-28
231,127,22,1,0.15,2024-11-02
232,127,1,1,0,2025-02-27
233,127,5,1,0,2025-05-20
234,127,22,3,0,2025-07-05
235,128,11,1,0.05,2025-06-03
236,129,48,1,0,2025-02-18
237,130,43,1,0,2026-02-09
238,131,22,1,0.1,2025-08-12
239,132,22,1,0.25,2026-01-22
240,133,22,1,0.05,2025-07-30
241,134,56,1,0,2026-03-27
242,135,26,1,0.05,2026-02-18
243,136,21,1,0,2025-12-14
244,137,40,2,0.1,2026-01-01
245,138,6,1,0,2026-03-17
246,139,45,2,0,2025-08-06
247,139,23,1,0,2025-11-04
248,139,18,1,0,2026-02-17
249,139,43,2,0,2026-03-22
250,140,60,2,0.05,2025-07-24
251,140,40,1,0,2025-10-30
252,140,24,1,0,2025-12-24
253,140,1,2,0.2,2026-01-30
254,141,22,1,0.05,2026-03-09
255,142,22,1,0.2,2026-01-06
256,143,40,1,0,2025-09-25
257,143,14,2,0.25,2025-10-23
258,143,42,1,0.1,2026-01-09
259,143,24,1,0,2026-02-11
260,144,48,1,0.15,2024-11-17
261,145,15,2,0.15,2025-11-09
262,145,54,1,0,2026-01-19
263,146,46,1,0.1,2026-02-04
264,147,1,1,0,2025-03-06
265,147,2,1,0,2025-04-18
266,147,39,1,0.05,2025-05-23
267,147,50,1,0.05,2025-08-03
268,148,60,1,0.1,2025-03-20
269,149,14,1,0,2025-11-02
270,149,33,1,0.1,2025-12-08
271,149,35,1,0,2026-03-10
272,150,10,1,0,2026-03-06
273,151,6,1,0,2026-03-14
274,152,23,1,0,2026-02-26
275,153,4,1,0,2026-03-09
276,154,41,2,0,2026-02-01
277,154,35,1,0.1,2026-02-26
278,155,27,1,0.15,2025-11-18
279,156,20,1,0,2025-03-28
280,157,17,1,0,2025-01-30
281,157,47,1,0.1,2025-04-14
282,158,34,1,0,2026-01-07
283,158,45,1,0.05,2026-03-07
284,159,28,1,0,2025-12-10
285,159,24,1,0.05,2026-03-22
286,160,46,1,0.05,2026-03-17
287,161,8,1,0,2025-03-19
288,162,11,1,0.1,2025-06-15
289,162,22,1,0.1,2025-07-27
290,162,38,1,0.2,2025-11-22
291,162,18,2,0.05,2025-12-31
292,162,25,2,0.2,2026-01-31
293,162,31,1,0,2026-02-20
294,163,10,1,0,2025-11-09
295,164,46,2,0,2025-06-29
296,165,42,2,0,2024-12-30
297,166,20,1,0,2025-08-06
298,167,5,1,0.05,2025-06-20
299,168,36,1,0,2026-02-06
300,169,42,1,0,2025-04-25
301,170,29,2,0,2025-03-31
302,171,48,1,0,2025-01-08
303,171,12,1,0,2025-03-07
304,171,19,1,0,2025-07-04
305,171,16,2,0.15,2025-10-28
306,171,45,2,0,2025-12-20
307,171,27,1,0.1,2026-02-12
308,172,9,2,0,2026-01-02
309,172,4,2,0,2026-03-22
310,173,29,1,0,2025-07-13
311,173,23,2,0.1,2025-08-01
312,173,6,1,0.15,2025-10-13
313,173,8,1,0.1,2025-11-03
314,173,17,1,0.25,2026-01-03
315,174,1,1,0,2025-07-20
316,175,40,2,0.25,2026-01-17
317,176,16,1,0,2025-09-18
318,177,11,1,0,2026-03-26
319,178,1,1,0.2,2026-01-06
320,179,60,3,0.1,2026-03-29
321,180,7,2,0,2026-02-17
322,181,5,1,0.05,2026-03-26
323,182,14,1,0.1,2025-07-22
324,183,34,1,0.1,2025-12-23
325,183,2,1,0,2026-02-23
326,184,29,1,0.1,2025-07-20
327,185,59,1,0,2025-08-08
328,186,16,2,0.2,2025-10-03
329,187,18,1,0.1,2026-03-24
330,188,8,3,0.1,2026-01-18
331,189,52,1,0.25,2024-11-27
332,189,21,1,0,2025-02-03
333,189,47,1,0,2025-04-10
334,189,47,2,0,2025-06-13
335,189,20,1,0,2025-09-30
336,189,45,2,0,2025-10-19
337,189,42,1,0,2026-01-16
338,190,24,2,0,2025-03-31
339,191,54,1,0,2026-03-13
340,192,26,1,0.1,2025-12-24
341,193,34,1,0,2025-12-04
342,193,23,1,0,2026-03-03
343,194,15,1,0,2024-11-27
344,195,10,2,0,2026-03-12
345,196,12,1,0,2026-03-26
346,197,35,3,0,2025-06-18
347,198,8,1,0,2026-03-27
348,199,2,1,0.15,2025-11-04
349,199,31,1,0.15,2026-01-31
350,200,13,1,0.1,2025-09-07
351,201,13,2,0.05,2026-03-23
352,202,23,1,0.25,2025-01-07
353,203,24,2,0.1,2026-01-12
354,204,29,1,0,2025-11-06
355,204,17,1,0.05,2025-12-07
356,204,30,1,0.25,2026-01-04
357,204,54,3,0,2026-03-09
358,205,39,2,0,2026-03-25
359,206,3,1,0,2026-02-22
360,206,15,1,0.1,2026-03-11
361,207,43,2,0,2025-12-24
362,208,46,1,0,2025-11-04
363,209,1,1,0,2024-11-26
364,209,19,1,0,2025-03-05
365,210,15,1,0.1,2026-03-22
366,211,14,1,0.1,2025-10-12
367,211,48,1,0,2026-01-15
368,211,34,1,0,2026-01-31
369,211,44,1,0,2026-03-25
370,212,45,3,0.1,2024-11-07
371,213,29,1,0.05,2026-02-05
372,214,28,1,0,2025-12-10
373,215,13,1,0,2025-08-13
374,216,14,2,0,2025-11-15
375,216,38,2,0.1,2025-12-14
376,216,5,1,0,2026-03-12
377,217,3,2,0,2025-03-08
378,218,11,1,0.1,2025-03-09
379,219,27,1,0,2024-08-27
380,219,53,2,0,2024-09-25
381,219,18,1,0.15,2024-10-22
382,219,20,1,0,2025-02-11
383,219,32,2,0.1,2025-03-03
384,219,51,1,0.1,2025-03-19
385,219,27,1,0.05,2025-04-20
386,220,22,1,0,2026-03-05
387,221,13,2,0.1,2025-07-25
388,221,51,1,0.15,2025-10-26
389,221,7,1,0,2025-12-28
390,222,18,1,0.1,2025-09-06
391,223,28,3,0.1,2025-05-15
392,223,45,1,0.1,2025-08-05
393,223,31,1,0,2025-11-26
394,223,23,1,0,2026-03-16
395,224,34,1,0.1,2026-02-22
396,224,45,2,0,2026-03-28
397,225,42,1,0.1,2026-01-07
398,225,4,1,0,2026-02-12
399,225,16,1,0,2026-03-08
400,226,44,1,0.15,2026-01-25
401,227,14,3,0.1,2026-03-28
402,228,26,1,0,2025-12-05
403,229,25,2,0.05,2026-03-30
404,230,59,1,0.05,2025-03-19
405,231,35,1,0.1,2026-01-23
406,232,40,2,0.1,2026-01-30
407,233,32,1,0.1,2025-10-21
408,233,38,1,0.25,2026-01-15
409,234,23,3,0,2025-09-06
410,234,30,1,0,2025-10-19
411,234,44,1,0.25,2025-11-03
412,235,38,1,0,2026-03-29
413,236,19,1,0,2024-09-20
414,237,19,1,0.25,2026-01-25
415,238,44,1,0.05,2025-06-15
416,238,51,3,0,2025-09-24
417,238,13,1,0,2025-12-23
418,238,44,2,0,2026-01-22
419,239,39,1,0,2025-12-12
420,240,46,2,0.05,2026-02-05
421,240,43,3,0.1,2026-03-05
422,241,41,1,0,2026-03-25
423,242,56,2,0,2026-03-16
424,243,24,2,0.05,2025-07-15
425,244,12,1,0,2026-02-04
426,245,33,1,0,2025-07-28
427,246,24,1,0,2025-12-08
428,247,51,3,0.1,2025-07-20
429,248,35,1,0,2024-09-02
430,248,45,1,0.2,2024-10-09
431,248,48,1,0.1,2024-12-27
432,249,57,1,0,2026-03-30
433,250,45,1,0.15,2026-01-11
434,251,11,1,0,2025-02-18
435,252,5,1,0,2025-11-10
436,252,48,2,0,2026-03-01
437,253,20,1,0.1,2024-07-20
438,253,28,1,0.2,2024-11-08
439,253,21,2,0.25,2025-01-31
440,253,11,1,0,2025-02-19
441,254,23,1,0.05,2025-06-01
442,255,5,1,0,2026-03-26
443,256,47,1,0.1,2025-04-16
444,257,22,1,0.05,2025-09-03
445,258,24,3,0.1,2025-10-27
446,259,50,1,0,2025-03-02
447,259,38,1,0,2025-05-13
448,259,17,1,0.05,2025-06-19
449,260,18,1,0.25,2025-01-14
450,260,35,1,0.05,2025-03-02
451,260,26,2,0,2025-03-17
452,260,27,1,0.05,2025-05-13
453,260,21,1,0,2025-07-26
454,260,16,1,0.1,2025-11-08
455,260,16,3,0.05,2025-12-12
456,260,33,2,0.25,2026-01-01
457,261,11,1,0,2026-02-09
458,262,46,2,0,2025-09-05
459,263,50,1,0.05,2025-09-22
460,263,25,2,0.1,2025-10-12
461,263,21,1,0,2026-01-22
462,263,11,1,0.05,2026-03-19
463,264,2,1,0.05,2025-02-06
464,265,35,1,0.1,2026-03-11
465,266,28,2,0,2025-09-15
466,267,60,2,0.25,2025-10-29
467,267,38,1,0,2025-11-26
468,267,12,1,0,2026-01-06
469,267,3,2,0.05,2026-03-30
470,268,4,2,0,2025-03-30
471,269,19,1,0,2026-03-06
472,270,14,1,0.1,2025-12-15
473,271,38,2,0.05,2025-09-18
474,272,42,2,0,2025-12-03
475,272,23,1,0,2025-12-23
476,273,43,1,0.25,2026-01-03
477,273,3,1,0,2026-02-23
478,274,45,1,0.1,2026-03-28
479,275,11,2,0.1,2026-02-06
480,276,1,1,0.05,2025-07-14
481,276,21,2,0.1,2025-10-19
482,276,24,2,0,2025-12-20
483,276,23,2,0,2026-01-05
484,276,4,1,0,2026-03-31
485,277,15,1,0.05,2025-02-02
486,278,45,1,0.05,2025-12-17
487,278,11,1,0,2026-01-07
488,279,10,1,0,2026-03-19
489,280,11,1,0.1,2026-01-31
490,281,30,1,0.1,2025-10-25
491,281,39,1,0.1,2026-01-27
492,281,43,1,0,2026-02-19
493,281,16,1,0.1,2026-03-30
494,282,39,1,0,2025-04-03
495,282,56,1,0,2025-06-12
496,282,14,1,0.05,2025-08-01
497,283,5,2,0,2025-06-15
498,284,52,1,0.25,2024-10-24
499,285,2,2,0.05,2025-02-02
500,286,31,2,0,2025-11-18
501,286,57,1,0.05,2026-02-21
502,286,15,1,0,2026-03-11
503,287,46,1,0,2025-04-06
504,288,33,1,0,2026-03-07
505,289,4,2,0.2,2025-11-01
506,289,33,1,0,2026-01-19
507,290,22,1,0,2024-10-17
508,290,32,2,0,2024-11-23
509,291,20,1,0.1,2025-10-11
510,292,13,1,0.05,2026-03-22
511,293,54,1,0.15,2026-01-05
512,294,24,3,0.1,2025-09-08
513,294,48,1,0.05,2025-09-28
514,294,31,1,0.1,2025-10-18
515,294,26,1,0.15,2026-01-24
516,295,52,1,0,2026-03-18
517,296,42,1,0,2024-12-08
518,297,49,1,0,2024-06-07
519,298,16,1,0.1,2025-12-12
520,299,15,1,0.1,2026-01-24
521,300,26,1,0,2026-03-03
522,301,48,1,0.1,2025-08-24
523,302,15,1,0,2025-08-24
524,302,1,1,0.2,2025-11-08
525,302,23,1,0.2,2026-01-23
526,303,3,1,0,2025-08-16
527,304,19,1,0.05,2025-06-29
528,305,48,1,0.1,2026-01-25
529,306,52,1,0,2026-03-17
530,307,46,1,0.05,2025-12-08
531,307,39,1,0.05,2026-02-22
532,307,24,1,0,2026-03-30
533,308,28,1,0,2025-06-04
534,308,4,1,0.05,2025-09-03
535,309,2,1,0.05,2025-09-11
536,309,33,1,0,2025-12-22
537,309,11,1,0.05,2026-02-28
538,310,13,2,0.25,2025-10-02
539,311,33,1,0,2026-03-10
540,312,16,2,0,2026-03-03
541,313,43,1,0.25,2025-11-22
542,314,48,1,0,2025-12-16
543,315,38,1,0.05,2025-03-07
544,315,16,1,0.1,2025-04-08
545,315,46,1,0.05,2025-05-25
546,315,11,1,0,2025-08-09
547,315,14,1,0.25,2025-11-30
548,315,29,2,0.15,2026-01-13
549,316,22,1,0.25,2025-10-05
550,317,4,1,0.05,2025-05-15
551,318,21,1,0,2025-02-02
552,318,58,1,0.1,2025-04-19
553,319,15,2,0.25,2025-11-09
554,320,24,2,0,2026-01-25
555,320,19,2,0.05,2026-02-24
556,321,25,1,0.25,2025-10-28
557,321,2,2,0.15,2026-01-29
558,322,14,1,0,2026-03-14
559,323,36,1,0,2026-03-23
560,324,45,1,0.2,2026-01-10
561,325,3,1,0,2025-06-14
562,326,11,2,0.05,2026-02-06
563,327,10,1,0.25,2026-01-25
564,327,15,1,0,2026-03-17
565,328,1,3,0,2026-03-21
566,329,55,1,0,2026-02-27
567,330,16,1,0.1,2025-06-30
568,331,2,1,0.1,2026-03-28
569,332,42,1,0,2025-07-13
570,332,16,1,0.15,2025-10-07
571,333,9,1,0,2025-12-17
572,333,18,2,0.05,2026-03-15
573,333,57,2,0.05,2026-03-30
574,334,20,3,0.05,2025-07-12
575,335,42,3,0,2026-03-17
576,336,34,2,0.15,2025-11-26
577,337,7,1,0,2025-09-12
578,337,28,2,0.15,2025-10-11
579,338,13,1,0,2026-03-14
580,339,14,1,0.1,2026-02-23
581,340,21,2,0,2026-02-25
582,341,16,2,0,2026-02-12
583,342,24,1,0,2025-12-27
584,343,16,1,0,2025-06-19
585,344,4,2,0.05,2026-03-04
586,345,38,2,0.1,2025-12-30
587,345,56,1,0.05,2026-02-28
588,346,56,1,0.1,2025-11-15
589,347,56,1,0.05,2025-12-30
590,347,4,2,0,2026-03-18
591,348,44,2,0,2025-12-13
592,348,19,2,0,2026-01-03
593,348,14,1,0,2026-03-26
594,349,13,1,0,2026-01-20
595,350,18,1,0,2026-03-11
596,351,5,1,0,2026-03-17
597,352,54,1,0,2025-12-20
598,353,7,1,0,2025-04-11
599,354,41,1,0.05,2026-03-25
600,355,10,1,0,2025-12-31
601,356,19,2,0,2025-09-18
602,356,24,1,0,2026-01-03
603,356,20,1,0.1,2026-02-21
604,357,36,1,0.15,2025-10-12
605,358,21,2,0,2025-07-26
606,359,3,1,0,2025-04-01
607,359,23,1,0.1,2025-06-05
608,360,18,1,0.05,2025-09-25
609,361,19,1,0.25,2025-10-21
610,361,52,1,0.1,2026-02-16
611,362,27,3,0,2025-07-29
612,363,23,1,0.1,2025-08-30
613,364,43,1,0,2026-03-02
614,365,27,2,0.25,2025-11-29
615,366,42,1,0.05,2026-03-11
616,367,14,1,0,2025-08-28
617,368,6,1,0.1,2024-05-11
618,369,23,1,0,2026-03-30
619,370,42,1,0.05,2025-04-27
620,371,4,1,0.1,2025-05-25
621,371,26,1,0,2025-08-05
622,371,2,2,0.15,2025-10-11
623,371,13,2,0.2,2025-11-16
624,371,38,1,0.05,2025-12-24
625,371,11,2,0.15,2026-01-10
626,372,16,1,0,2026-03-06
627,373,15,1,0.1,2024-08-21
628,373,18,2,0.15,2024-11-24
629,373,57,2,0.05,2024-12-25
630,373,24,1,0.2,2025-01-25
631,374,24,1,0.05,2026-03-05
632,375,41,2,0.15,2025-01-20
633,375,26,1,0,2025-03-31
634,375,15,1,0,2025-06-21
635,375,27,1,0,2025-09-25
636,376,56,1,0.15,2025-11-25
637,376,46,1,0,2026-02-16
638,376,16,1,0.05,2026-03-04
639,377,16,1,0.1,2025-07-08
640,378,7,1,0.05,2025-07-10
641,378,46,2,0.25,2025-10-15
642,378,23,1,0,2025-12-18
643,378,14,1,0,2026-02-19
644,379,34,1,0.1,2025-09-25
645,379,28,1,0,2025-10-24
646,380,9,1,0,2025-02-17
647,381,15,1,0.25,2026-01-16
648,382,2,1,0.15,2025-01-19
649,383,42,1,0,2025-06-09
650,383,15,1,0,2025-07-21
651,383,8,1,0,2025-09-17
652,383,37,1,0.25,2025-11-24
653,383,20,1,0,2026-01-17
654,384,12,2,0.05,2025-09-13
655,385,28,1,0.1,2025-12-19
656,386,9,1,0,2025-04-23
657,386,29,1,0,2025-06-16
658,386,40,3,0,2025-08-11
659,386,30,1,0,2025-09-15
660,386,31,2,0,2025-12-19
661,387,44,1,0,2026-03-05
662,387,2,1,0,2026-03-25
663,388,10,1,0.1,2026-03-30
664,389,6,1,0.25,2026-01-10
665,390,14,1,0,2025-07-22
666,391,42,2,0,2025-12-05
667,391,37,1,0.1,2026-01-29
668,392,41,2,0.15,2024-10-27
669,393,17,1,0,2026-03-29
670,394,6,1,0,2025-12-09
671,394,22,2,0.2,2026-01-17
672,395,9,1,0,2026-03-15
673,396,6,1,0.1,2026-03-22
674,397,15,2,0.05,2026-02-19
675,398,46,1,0.25,2026-01-27
676,399,9,2,0,2026-01-23
677,400,33,1,0.1,2025-11-16
678,400,23,1,0,2026-02-06
679,401,3,1,0,2025-06-29
680,401,20,1,0,2025-09-18
681,401,31,1,0.05,2025-12-26
682,402,34,1,0,2025-12-09
683,403,25,2,0,2026-02-13
684,403,26,1,0.1,2026-03-28
685,404,24,2,0.15,2026-01-02
686,404,48,1,0.2,2026-01-24
687,405,2,2,0,2026-02-02
688,405,45,1,0.1,2026-03-23
689,406,7,1,0.05,2025-02-11
690,407,23,2,0.05,2026-03-19
691,408,36,1,0.1,2026-02-28
692,409,20,1,0.15,2026-01-14
693,410,33,1,0,2025-10-02
694,410,34,1,0.1,2025-10-30
695,410,45,3,0,2025-12-05
696,410,43,2,0,2026-03-31
697,411,16,1,0,2025-10-18
698,411,21,2,0,2026-02-15
699,412,31,1,0,2025-12-17
700,412,58,1,0,2026-02-16
701,413,53,1,0,2025-08-05
702,414,18,1,0.1,2025-06-25
703,415,45,1,0.2,2025-10-13
704,416,1,1,0,2026-02-06
705,417,18,2,0,2025-11-15
706,418,5,1,0,2025-09-18
707,419,16,1,0.25,2025-10-02
708,420,8,1,0.1,2026-03-14
709,421,38,1,0,2026-02-26
710,422,10,1,0,2025-05-10
711,423,19,1,0,2025-12-03
712,423,40,1,0.05,2026-03-26
713,424,47,2,0.15,2025-11-09
714,425,9,1,0.05,2025-04-15
715,426,30,1,0,2025-06-13
716,427,23,1,0.15,2024-10-13
717,428,58,1,0,2026-03-09
718,429,17,2,0,2025-12-18
719,430,10,1,0.05,2025-07-08
720,430,14,1,0,2025-08-08
721,430,39,2,0.15,2025-10-05
722,431,32,1,0.05,2026-03-15
723,432,16,1,0,2024-09-12
724,432,22,1,0.25,2024-10-22
725,432,18,1,0.1,2025-01-16
726,432,11,1,0,2025-04-19
727,432,6,1,0,2025-08-06
728,433,40,1,0,2025-08-27
729,433,24,2,0,2025-11-29
730,433,40,2,0,2026-01-01
731,433,41,1,0.1,2026-03-13
732,434,41,1,0,2025-12-23
733,435,12,1,0,2026-03-12
734,436,17,1,0.05,2025-12-02
735,437,60,1,0,2025-12-25
736,438,3,1,0,2024-07-28
737,438,46,1,0,2024-09-29
738,438,25,1,0.1,2024-12-27
739,438,11,1,0,2025-04-05
740,438,11,1,0,2025-06-26
741,439,36,1,0,2026-02-21
742,440,22,1,0,2025-07-08
743,441,8,1,0.1,2026-03-28
744,442,4,2,0.1,2026-01-27
745,443,19,1,0,2026-03-26
746,444,30,1,0,2026-03-16
747,445,57,1,0,2025-11-09
748,446,57,2,0,2025-07-03
749,446,19,1,0,2025-10-06
750,446,33,3,0.2,2025-11-22
751,446,47,1,0,2026-01-25
752,447,19,3,0.05,2025-02-23
753,448,11,1,0.2,2025-10-12
754,448,28,2,0,2025-12-08
755,448,33,2,0,2026-02-18
756,449,51,1,0.05,2026-03-13
757,450,54,1,0.05,2026-03-10
758,451,6,2,0,2026-02-07
759,452,19,3,0.1,2025-11-10
760,452,23,2,0,2026-02-26
761,452,4,1,0,2026-03-16
762,453,46,1,0.05,2025-02-27
763,453,16,1,0,2025-03-17
764,454,30,1,0,2025-12-12
765,455,44,1,0.1,2024-11-08
766,455,19,1,0,2024-12-10
767,455,4,1,0,2025-02-27
768,456,23,3,0,2026-01-12
769,456,8,2,0,2026-03-02
770,457,43,1,0,2025-09-24
771,457,31,1,0.15,2026-01-05
772,457,36,1,0.05,2026-03-02
773,458,36,2,0.05,2025-09-01
774,459,8,2,0,2026-03-26
775,460,7,1,0.1,2025-06-01
776,460,52,1,0,2025-07-17
777,460,41,1,0.15,2025-10-06
778,460,13,1,0,2025-12-28
779,460,35,1,0.1,2026-03-03
780,461,27,2,0.1,2025-12-22
781,462,7,1,0,2026-02-20
782,463,50,1,0.25,2024-11-27
783,463,36,2,0.25,2025-01-03
784,463,26,1,0,2025-03-17
785,463,26,1,0,2025-06-15
786,463,33,1,0,2025-09-29
787,463,19,1,0,2025-11-08
788,464,51,2,0,2025-11-05
789,464,37,1,0.1,2026-01-01
790,464,32,1,0,2026-03-29
791,465,37,1,0.15,2025-01-23
792,465,13,1,0,2025-02-22
793,465,10,1,0,2025-03-25
794,465,2,1,0,2025-05-04
795,465,9,1,0.1,2025-05-19
796,465,16,1,0,2025-08-21
797,466,1,1,0.2,2025-10-17
798,466,14,1,0.15,2025-11-08
799,466,51,1,0.05,2026-02-14
800,467,36,1,0.2,2026-01-05
801,468,20,1,0.1,2025-10-28
802,469,18,2,0,2025-12-18
803,469,45,1,0.15,2026-01-06
804,469,12,2,0,2026-02-01
805,470,16,1,0.05,2026-03-09
806,471,12,3,0.05,2026-02-17
807,471,56,1,0.05,2026-03-11
808,472,48,1,0.05,2026-03-06
809,473,41,1,0.05,2025-05-08
810,474,32,1,0.1,2025-06-30
811,474,15,2,0,2025-08-29
812,474,28,1,0,2025-09-29
813,475,26,1,0,2025-12-18
814,476,18,1,0.1,2025-07-01
815,476,11,1,0.1,2025-10-26
816,476,2,1,0.2,2026-01-27
817,477,19,1,0.05,2024-09-14
818,477,51,1,0,2024-12-08
819,477,56,2,0,2025-02-02
820,477,20,1,0,2025-05-26
821,477,57,2,0,2025-06-10
822,477,43,2,0,2025-07-09
823,477,41,1,0.25,2025-10-19
824,478,21,1,0.05,2024-12-10
825,479,30,1,0,2025-11-11
826,480,42,3,0.1,2026-03-26
827,481,15,1,0,2026-02-01
828,482,14,2,0.1,2025-10-25
829,483,48,1,0.15,2025-10-25
830,483,4,1,0,2026-02-07
831,484,5,1,0,2026-03-24
832,485,56,1,0,2025-04-08
833,485,51,1,0,2025-08-01
834,485,33,1,0,2025-08-20
835,485,2,2,0.05,2025-12-12
836,485,27,1,0,2026-01-21
837,486,36,2,0,2025-08-31
838,487,38,1,0,2025-11-12
839,487,11,1,0,2025-11-27
840,487,29,1,0,2026-01-20
841,487,4,1,0.05,2026-02-09
842,488,14,1,0,2026-01-26
843,488,1,3,0.05,2026-03-22
844,489,16,1,0.05,2026-02-03
845,490,15,2,0,2025-12-26
846,491,15,1,0.05,2026-02-06
847,492,45,1,0,2026-03-02
848,493,37,1,0,2026-01-29
849,493,7,1,0.05,2026-02-16
850,494,59,2,0.25,2025-11-19
851,495,29,1,0,2026-02-21
852,496,47,2,0,2025-12-09
853,497,46,1,0.25,2026-01-23
854,498,5,1,0.1,2025-02-21
855,498,44,1,0,2025-05-06
856,499,6,1,0.1,2026-02-11
857,499,54,2,0,2026-03-16
858,500,25,1,0,2024-12-21
859,501,46,1,0.05,2025-06-21
860,501,12,2,0,2025-08-19
861,501,26,2,0.2,2025-11-03
862,501,34,1,0.2,2026-01-16
863,501,15,3,0,2026-02-21
864,502,4,2,0.2,2025-01-23
865,503,19,1,0,2024-09-11
866,504,16,1,0.25,2025-11-05
867,505,12,1,0,2026-03-27
868,506,20,1,0,2026-03-23
869,507,39,1,0.15,2025-10-30
870,508,2,1,0.05,2024-08-05
871,509,43,1,0.25,2024-10-03
872,510,4,2,0.2,2026-01-26
873,511,35,1,0.05,2025-04-17
874,511,10,1,0,2025-08-06
875,511,6,1,0.25,2025-11-10
876,511,7,1,0,2026-03-08
877,511,58,1,0.05,2026-03-23
878,512,15,2,0,2025-06-16
879,513,21,3,0,2025-09-13
880,514,18,1,0,2026-02-09
881,515,43,1,0.1,2025-09-08
882,515,19,1,0,2025-09-26
883,515,32,1,0.2,2025-11-10
884,515,18,2,0,2026-01-19
885,516,23,1,0,2025-08-17
886,517,1,1,0,2025-08-25
887,518,39,1,0.1,2025-02-27
888,519,44,2,0.1,2026-02-20
889,520,31,1,0,2026-02-20
890,521,33,2,0,2025-05-25
891,522,22,1,0,2025-12-21
892,522,40,1,0,2026-02-19
893,523,21,1,0,2025-09-10
894,524,58,1,0.1,2025-11-11
895,525,50,1,0.25,2025-11-14
896,525,29,1,0,2025-12-13
897,525,34,1,0,2026-03-12
898,526,47,1,0.25,2026-01-30
899,527,30,1,0,2025-04-29
900,527,33,2,0.05,2025-07-22
901,527,43,1,0.1,2025-11-16
902,527,13,1,0.05,2026-02-13
903,528,10,1,0.1,2026-03-17
904,529,27,1,0.1,2025-12-18
905,530,60,1,0,2026-03-19
906,531,41,1,0.2,2025-01-13
907,531,5,1,0,2025-03-31
908,531,22,1,0.1,2025-04-25
909,531,3,1,0.1,2025-05-26
910,531,3,2,0,2025-08-13
911,531,14,3,0.05,2025-09-06
912,532,51,2,0,2026-02-22
913,533,23,1,0.1,2025-03-30
914,533,10,1,0,2025-07-21
915,534,14,1,0,2026-03-06
916,534,17,1,0.05,2026-03-27
917,535,23,1,0.15,2026-01-18
918,536,21,2,0,2025-07-21
919,537,23,1,0.05,2025-02-04
920,537,25,1,0.05,2025-03-27
921,537,31,1,0.1,2025-07-22
922,538,11,1,0,2025-08-20
923,538,48,1,0.25,2025-10-08
924,538,28,1,0.1,2025-12-04
925,538,39,1,0,2026-01-22
926,538,26,1,0,2026-03-12
927,539,8,1,0.25,2026-01-30
928,540,1,1,0,2025-08-22
929,540,59,2,0,2025-10-12
930,540,59,1,0,2025-11-28
931,541,10,1,0.25,2025-10-05
932,542,47,1,0,2025-09-22
933,543,48,1,0,2025-08-18
934,544,29,2,0.1,2025-09-12
935,544,42,1,0,2025-11-25
936,544,13,1,0,2026-03-04
937,544,53,3,0,2026-03-28
938,545,27,1,0,2025-06-26
939,545,7,1,0.1,2025-08-02
940,545,8,1,0,2025-10-12
941,545,2,1,0.1,2025-11-04
942,545,37,2,0,2026-01-20
943,545,25,2,0.1,2026-03-01
944,546,19,1,0.05,2025-09-11
945,546,32,1,0.15,2025-11-14
946,546,38,1,0,2026-01-02
947,546,24,2,0,2026-02-05
948,547,9,2,0,2026-03-30
949,548,17,1,0.1,2025-07-16
950,549,9,2,0,2026-03-25
951,550,8,2,0,2025-12-16
952,551,27,1,0,2025-09-08
953,552,29,1,0,2025-02-07
954,553,30,1,0.1,2025-09-20
955,554,16,1,0,2026-01-06
956,555,52,1,0,2026-02-09
957,555,47,1,0.05,2026-02-27
958,556,56,3,0,2026-01-08
959,557,1,1,0.1,2024-08-12
960,558,2,1,0.25,2025-10-20
961,559,32,2,0.05,2026-02-20
962,560,10,1,0,2024-12-17
963,561,3,1,0,2026-03-17
964,562,12,1,0,2025-10-16
965,562,13,2,0,2025-12-30
966,563,22,1,0,2026-03-25
967,564,10,2,0,2026-01-30
968,565,4,1,0.25,2026-01-16
969,566,30,1,0.25,2025-10-18
970,567,15,1,0,2026-02-27
971,568,46,1,0,2025-06-26
972,569,45,1,0,2025-01-22
973,569,49,1,0.1,2025-02-21
974,569,15,1,0,2025-04-12
975,569,1,1,0,2025-05-15
976,569,34,2,0,2025-09-03
977,569,32,1,0,2025-11-10
978,569,5,1,0,2025-12-16
979,570,3,1,0,2025-12-02
980,571,36,1,0,2025-05-18
981,572,41,1,0,2026-03-12
982,573,16,1,0.2,2025-10-26
983,574,21,1,0,2025-12-10
984,574,47,1,0,2026-01-06
985,575,3,1,0,2025-07-10
986,575,27,1,0,2025-08-18
987,576,5,1,0,2025-06-17
988,576,12,1,0.05,2025-07-08
989,576,1,1,0,2025-10-13
990,576,4,1,0.05,2025-12-13
991,576,19,1,0.1,2026-02-02
992,577,12,1,0,2025-03-24
993,577,4,1,0.05,2025-05-19
994,577,19,1,0.05,2025-07-02
995,577,19,1,0.15,2025-10-24
996,577,35,1,0.1,2025-11-22
997,577,3,1,0.2,2026-01-17
998,577,3,1,0,2026-03-02
999,578,17,1,0.1,2025-06-28
1000,578,51,1,0.05,2025-09-09
1001,578,38,1,0.2,2025-11-16
1002,578,16,1,0,2025-12-22
1003,579,24,1,0,2026-01-26
1004,580,7,1,0.2,2025-11-17
1005,581,58,2,0,2026-03-05
1006,582,49,3,0.1,2025-06-15
1007,583,19,1,0,2026-03-06
1008,584,48,2,0,2025-08-13
1009,585,14,1,0,2025-12-19
1010,586,31,2,0,2025-09-12
1011,587,4,1,0,2026-03-18
1012,588,17,1,0,2026-03-18
1013,589,48,1,0.15,2025-11-19
1014,590,27,2,0,2025-02-13
1015,591,18,1,0.1,2025-09-22
1016,592,35,1,0.25,2025-11-07
1017,593,13,1,0,2026-03-01
1018,594,34,1,0,2025-10-17
1019,595,38,1,0,2025-08-02
1020,596,45,2,0.1,2026-02-22
1021,597,6,1,0,2025-02-20
1022,597,3,1,0.1,2025-04-22
1023,597,12,2,0,2025-05-13
1024,598,23,1,0.2,2026-01-17
1025,598,48,1,0.1,2026-03-15
1026,599,5,1,0,2025-03-02
1027,599,14,1,0,2025-06-22
1028,599,21,2,0,2025-08-04
1029,599,35,2,0,2025-09-29
1030,600,30,2,0.1,2025-06-22
1031,601,38,1,0.15,2025-10-03
1032,602,7,2,0,2024-12-18
1033,603,50,1,0,2025-09-27
1034,604,3,1,0,2025-10-25
1035,605,35,1,0,2026-02-05
1036,606,57,2,0.15,2025-10-08
1037,607,8,1,0,2026-03-15
1038,608,9,1,0,2025-02-06
1039,608,23,1,0,2025-03-30
1040,608,23,1,0.05,2025-05-08
1041,608,5,1,0,2025-05-31
1042,608,5,1,0,2025-06-17
1043,608,49,1,0.1,2025-10-12
1044,609,15,1,0,2026-01-23
1045,610,60,1,0.1,2025-05-31
1046,610,39,1,0,2025-09-14
1047,610,58,1,0,2025-12-06
1048,610,16,1,0,2026-01-26
1049,610,30,1,0,2026-03-05
1050,611,15,1,0,2025-10-15
1051,612,55,2,0,2024-10-10
1052,613,54,1,0.1,2026-03-12
1053,614,54,1,0.1,2026-01-23
1054,615,17,3,0.05,2025-08-22
1055,616,10,1,0,2026-03-08
1056,617,14,1,0,2024-11-07
1057,618,9,1,0,2025-10-12
1058,619,18,1,0.1,2025-08-10
1059,619,21,1,0.1,2025-10-15
1060,619,14,1,0.15,2026-01-17
1061,619,26,3,0,2026-03-01
1062,620,6,1,0.05,2025-12-03
1063,621,47,1,0,2026-01-04
1064,622,43,1,0,2025-08-22
1065,623,20,2,0,2025-12-13
1066,623,20,1,0,2025-12-29
1067,623,41,1,0.1,2026-02-18
1068,624,55,1,0,2026-02-06
1069,625,46,1,0,2025-12-24
1070,625,21,3,0,2026-01-25
1071,626,58,2,0,2025-06-12
1072,627,11,2,0,2025-12-25
1073,628,20,1,0,2024-08-07
1074,629,20,1,0,2025-12-16
1075,629,41,1,0.25,2026-01-25
1076,629,25,2,0,2026-03-04
1077,630,11,2,0,2026-03-23
1078,631,29,1,0,2026-03-04
1079,632,44,3,0,2024-12-28
1080,632,18,1,0.05,2025-04-10
1081,632,17,1,0,2025-07-16
1082,632,50,1,0.1,2025-08-31
1083,632,17,1,0,2025-09-18
1084,632,8,2,0,2025-10-18
1085,633,13,1,0.15,2025-10-30
1086,634,54,1,0.1,2026-01-06
1087,635,26,1,0.1,2025-12-03
1088,636,2,1,0,2025-05-18
1089,637,18,2,0.1,2025-12-28
1090,638,23,1,0,2026-03-28
1091,639,27,1,0.05,2026-02-01
1092,639,20,1,0,2026-02-28
1093,640,58,1,0.05,2025-04-23
1094,640,48,1,0,2025-05-21
1095,640,14,1,0,2025-07-02
1096,640,56,1,0.1,2025-08-05
1097,640,20,2,0.2,2025-10-23
1098,640,18,1,0,2025-12-05
1099,640,2,1,0.25,2026-01-13
1100,641,3,3,0,2025-08-20
1101,641,38,1,0,2025-09-22
1102,641,37,1,0,2026-01-03
1103,641,45,1,0,2026-02-16
1104,642,2,2,0.05,2025-06-30
1105,642,4,1,0,2025-07-30
1106,642,3,2,0,2025-09-15
1107,642,54,1,0.2,2025-10-05
1108,642,46,1,0.2,2025-10-28
1109,642,10,2,0.05,2025-12-20
1110,642,4,3,0,2026-03-30
1111,643,45,1,0.1,2025-12-09
1112,644,4,2,0.25,2025-01-22
1113,645,24,1,0,2025-07-08
1114,646,6,3,0.15,2025-11-27
1115,646,4,1,0,2026-03-08
1116,647,21,1,0.1,2024-11-15
1117,647,33,1,0,2024-12-15
1118,648,14,1,0.15,2026-01-09
1119,649,56,1,0,2024-06-04
1120,649,7,1,0,2024-09-03
1121,649,56,2,0,2024-12-21
1122,649,11,1,0,2025-02-13
1123,649,9,1,0,2025-05-26
1124,650,7,1,0,2026-03-23
1125,651,39,1,0,2024-12-17
1126,652,22,2,0,2026-02-16
1127,653,7,1,0,2024-12-16
1128,654,46,1,0.25,2025-11-07
1129,654,42,1,0.05,2026-02-27
1130,655,56,1,0,2025-12-13
1131,656,38,1,0.15,2025-10-26
1132,657,3,1,0.1,2026-02-09
1133,658,2,1,0,2025-01-07
1134,659,55,1,0,2026-02-19
1135,660,22,1,0,2025-01-18
1136,661,33,2,0,2025-03-06
1137,662,11,1,0.2,2025-11-21
1138,663,18,2,0.2,2026-01-03
1139,664,1,3,0,2025-12-24
1140,664,18,2,0,2026-03-18
1141,665,3,1,0,2026-02-16
1142,666,51,1,0,2026-02-05
1143,667,14,1,0.15,2025-10-08
1144,667,47,1,0,2025-12-01
1145,667,27,1,0,2026-03-17
1146,668,58,1,0,2025-03-10
1147,668,1,1,0,2025-04-27
1148,668,42,2,0.05,2025-07-14
1149,668,11,1,0,2025-10-12
1150,669,18,1,0,2026-03-12
1151,670,28,1,0,2026-03-18
1152,671,24,1,0,2026-02-24
1153,672,11,2,0.05,2025-08-15
1154,672,19,1,0.1,2025-09-13
1155,672,13,3,0.15,2025-11-10
1156,672,30,1,0,2025-12-16
1157,672,11,1,0.15,2026-01-02
1158,672,23,1,0.05,2026-03-26
1159,673,7,1,0.1,2026-03-27
1160,674,13,1,0.05,2024-07-13
1161,674,16,1,0,2024-11-05
1162,674,34,1,0.1,2024-11-29
1163,674,22,2,0,2025-02-20
1164,674,18,2,0.1,2025-04-03
1165,675,45,2,0,2026-03-09
1166,676,21,1,0.05,2024-07-21
1167,676,13,1,0.2,2024-10-28
1168,676,46,1,0.25,2025-01-20
1169,676,60,2,0,2025-03-16
1170,676,45,2,0,2025-04-25
1171,676,48,1,0.05,2025-07-02
1172,676,20,1,0,2025-09-06
1173,677,41,2,0,2026-02-22
1174,678,14,1,0,2025-12-05
1175,679,17,1,0,2025-02-18
1176,680,14,1,0,2025-08-14
1177,680,17,1,0.2,2025-11-24
1178,680,55,1,0,2026-02-23
1179,681,47,1,0.25,2025-01-05
1180,681,48,1,0,2025-02-14
1181,681,2,1,0,2025-03-21
1182,681,43,2,0.1,2025-05-09
1183,681,38,1,0.1,2025-06-10
1184,681,40,1,0.1,2025-06-28
1185,681,26,1,0.05,2025-08-15
1186,681,57,1,0,2025-12-09
1187,682,42,1,0.2,2025-10-26
1188,682,48,1,0,2025-12-10
1189,682,14,1,0,2026-03-11
1190,683,37,1,0.1,2025-10-09
1191,683,38,1,0,2025-12-19
1192,683,28,3,0,2026-02-24
1193,684,24,1,0.1,2026-01-12
1194,685,12,1,0,2024-11-09
1195,685,35,1,0.2,2024-11-26
1196,685,23,3,0,2025-03-03
1197,685,47,1,0,2025-06-03
1198,686,43,1,0,2026-02-24
1199,687,4,1,0,2026-03-07
1200,688,59,1,0.1,2024-09-30
1201,689,44,1,0,2025-02-28
1202,689,54,1,0,2025-05-06
1203,689,48,1,0,2025-08-30
1204,689,22,1,0.05,2025-09-18
1205,689,32,1,0,2025-11-07
1206,689,27,1,0.1,2025-12-02
1207,690,7,1,0,2025-07-12
1208,691,14,1,0,2025-07-07
1209,692,23,2,0.05,2025-02-15
1210,693,18,1,0.1,2025-09-26
1211,693,3,1,0.1,2026-01-06
1212,694,40,1,0,2025-08-04
1213,695,19,2,0.05,2026-02-03
1214,696,57,1,0.25,2025-11-10
1215,696,14,3,0,2025-12-23
1216,696,15,1,0.2,2026-01-09
1217,697,15,1,0,2026-03-25
1218,698,22,1,0.25,2025-10-17
1219,699,20,2,0,2026-02-08
1220,700,12,1,0.1,2026-01-06
1221,701,19,2,0.05,2025-08-24
1222,701,17,1,0,2025-10-14
1223,701,19,2,0,2026-02-01
1224,702,17,1,0.15,2025-01-18
1225,703,54,1,0.1,2025-03-26
1226,704,25,1,0,2025-07-13
1227,705,55,1,0.1,2026-03-14
1228,706,34,1,0,2025-12-07
1229,706,25,1,0,2026-02-09
1230,707,30,3,0.1,2025-09-21
1231,708,58,1,0,2026-03-08
1232,709,9,1,0.1,2024-11-17
1233,710,59,1,0.05,2025-09-08
1234,711,3,1,0.05,2025-07-27
1235,712,6,1,0.15,2025-10-28
1236,712,2,1,0,2026-01-14
1237,712,17,1,0,2026-03-13
1238,713,3,1,0,2025-03-21
1239,713,27,1,0.1,2025-05-11
1240,713,32,1,0,2025-06-28
1241,713,3,1,0,2025-09-29
1242,713,8,1,0.15,2026-01-19
1243,713,6,3,0.05,2026-03-08
1244,714,20,1,0.25,2026-01-15
1245,715,50,1,0,2025-10-19
1246,716,51,2,0.25,2025-11-14
1247,717,23,1,0.05,2025-07-09
1248,717,49,1,0.05,2025-09-27
1249,717,2,1,0.15,2026-01-25
1250,717,30,1,0.1,2026-03-15
1251,718,50,1,0.2,2025-11-27
1252,719,39,1,0,2026-03-10
1253,720,58,1,0.1,2024-11-04
1254,720,59,1,0,2025-02-17
1255,720,12,3,0.05,2025-05-27
1256,720,1,2,0,2025-08-11
1257,720,13,1,0.2,2025-10-23
1258,720,55,1,0.1,2026-01-26
1259,721,7,1,0,2026-01-07
1260,722,7,1,0.1,2026-02-13
1261,723,8,2,0.1,2025-09-12
1262,723,41,2,0.2,2025-10-16
1263,724,11,1,0,2025-07-20
1264,725,32,1,0,2024-12-08
1265,726,34,1,0,2024-12-24
1266,727,18,1,0,2026-02-17
1267,728,26,1,0,2026-02-18
1268,729,35,1,0,2025-05-30
1269,729,45,1,0.05,2025-08-12
1270,730,14,2,0,2026-02-20
1271,730,3,1,0,2026-03-17
1272,731,17,1,0.05,2026-03-21
1273,732,1,1,0.2,2026-01-23
1274,733,36,1,0,2025-02-22
1275,733,22,1,0.05,2025-05-02
1276,733,12,1,0,2025-07-08
1277,733,43,1,0,2025-08-04
1278,734,53,1,0.1,2025-09-08
1279,735,23,1,0,2025-03-25
1280,736,51,1,0,2025-09-26
1281,736,46,1,0.25,2025-11-23
1282,737,9,1,0,2025-12-02
1283,738,3,1,0,2026-02-12
1284,739,60,1,0.15,2025-11-23
1285,739,10,1,0.1,2026-03-06
1286,740,59,1,0.1,2025-11-23
1287,741,3,1,0,2025-08-19
1288,742,48,3,0,2026-03-10
1289,743,23,1,0,2026-02-21
1290,744,45,1,0.1,2026-01-07
1291,744,39,1,0,2026-03-18
1292,745,60,1,0,2026-02-09
1293,745,20,1,0,2026-03-10
1294,746,43,1,0,2026-01-01
1295,746,12,1,0,2026-02-22
1296,747,48,1,0.25,2025-11-25
1297,748,17,1,0,2026-03-21
1298,749,35,2,0,2025-07-11
1299,749,13,1,0,2025-09-26
1300,749,33,1,0.1,2025-12-15
1301,749,20,1,0.05,2026-03-15
1302,750,19,1,0,2024-06-29
1303,750,32,1,0,2024-10-04
1304,750,22,2,0,2024-12-02
1305,751,48,1,0,2025-07-18
1306,752,31,3,0.1,2026-03-15
1307,753,18,2,0,2025-05-19
1308,754,12,1,0.1,2026-02-20
1309,755,27,1,0.05,2025-09-28
1310,756,19,2,0,2025-05-25
1311,757,16,1,0,2026-03-14
1312,758,17,1,0,2026-01-02
1313,759,45,1,0,2026-01-25
1314,759,2,1,0,2026-03-03
1315,760,32,1,0.1,2025-10-10
1316,761,45,1,0,2025-11-06
1317,761,45,1,0,2026-03-01
1318,762,56,2,0,2024-09-06
1319,762,58,1,0,2024-12-20
1320,762,37,1,0,2025-01-10
1321,763,28,2,0,2026-03-22
1322,764,48,1,0.05,2025-02-24
1323,765,39,1,0.1,2025-10-11
1324,765,38,2,0,2025-12-28
1325,766,49,1,0,2026-03-23
1326,767,9,1,0,2026-03-27
1327,768,19,1,0.1,2026-03-03
1328,769,9,1,0,2026-02-28
1329,770,43,2,0,2024-08-26
1330,770,57,2,0,2024-09-27
1331,771,13,1,0.05,2025-02-06
1332,771,50,1,0,2025-02-24
1333,772,47,2,0,2025-07-11
1334,772,37,3,0.25,2025-11-01
1335,772,45,3,0,2025-12-07
1336,772,23,1,0,2026-02-15
1337,772,42,2,0,2026-03-09
1338,773,45,1,0,2025-11-07
1339,774,23,1,0.05,2026-03-03
1340,775,30,2,0.25,2024-10-21
1341,775,16,2,0,2025-01-23
1342,775,6,1,0.1,2025-05-18
1343,775,39,1,0.05,2025-08-20
1344,775,14,1,0.1,2025-11-26
1345,776,11,1,0,2026-03-25
1346,777,45,1,0,2026-02-27
1347,778,41,1,0.05,2025-06-03
1348,779,6,1,0.05,2025-12-09
1349,779,13,2,0,2026-01-07
1350,780,25,1,0,2025-12-21
1351,780,46,1,0.1,2026-03-03
1352,781,34,1,0.1,2024-10-23
1353,782,24,1,0,2025-06-09
1354,783,33,1,0,2025-11-23
1355,784,22,1,0,2025-06-17
1356,785,7,2,0,2026-01-05
1357,785,7,2,0,2026-03-19
1358,786,2,1,0.05,2025-05-06
1359,787,21,1,0,2026-03-16
1360,788,23,1,0,2026-03-14
1361,789,43,2,0,2025-12-08
1362,789,20,1,0,2026-03-21
1363,790,57,2,0,2025-11-16
1364,791,44,1,0.1,2025-05-09
1365,792,9,1,0,2026-03-11
1366,793,17,1,0,2025-08-09
1367,793,5,3,0.1,2025-11-09
1368,793,13,2,0,2026-01-15
1369,793,43,1,0,2026-02-13
1370,793,40,1,0.1,2026-03-15
1371,794,14,2,0,2025-02-01
1372,794,17,1,0,2025-04-19
1373,794,44,2,0.05,2025-05-04
1374,794,3,1,0,2025-06-03
1375,795,47,1,0.1,2026-03-13
1376,796,22,1,0.15,2025-11-14
1377,797,19,1,0,2025-10-11
1378,798,27,1,0.05,2025-02-20
1379,798,24,1,0.1,2025-05-31
1380,798,9,1,0.05,2025-08-10
1381,798,13,3,0.2,2025-11-27
1382,798,8,1,0,2026-01-16
1383,799,51,3,0,2026-02-24
1384,799,40,2,0.05,2026-03-26
1385,800,9,1,0,2026-02-22
